customer_id,customer_name,customer_phone,customer_email
78,Harman Stroton,277-639-8624,hstroton0@auda.org.au
121,Creighton Ciccottio,255-526-1689,cciccottio1@sun.com
164,Steffie Richings,160-948-7026,srichings2@github.io
207,Dom Dollen,573-455-3809,ddollen3@ftc.gov
250,Taryn Diche,390-663-7165,tdiche4@dell.com
293,Emile Boatwright,140-654-8824,eboatwright5@tamu.edu
336,Dav Kidman,351-415-8326,dkidman6@ow.ly
379,Barny Beathem,815-651-0039,bbeathem7@ask.com
422,Mahmud Devonport,803-170-6274,mdevonport8@bloomberg.com
465,Sarine Waistell,600-490-6945,swaistell9@dailymail.co.uk
508,Rivy Gilfillan,544-959-8624,rgilfillana@cmu.edu
551,Lorene Parken,574-353-9397,lparkenb@toplist.cz
594,Cami Lynnett,529-755-0406,clynnettc@yahoo.co.jp
637,Cassaundra Alloisi,933-378-4324,calloisid@sun.com
680,Federico MacGilrewy,680-370-3251,fmacgilrewye@upenn.edu
723,Codi Hazzard,989-649-5716,chazzardf@1688.com
766,Yovonnda Henze,365-278-8553,yhenzeg@imageshack.us
809,Torey Joll,746-256-4127,tjollh@dot.gov
852,Alyosha Harwick,543-307-9647,aharwicki@elegantthemes.com
895,Phillis Le Monnier,754-190-7969,plej@sun.com
938,Holden Cowdroy,956-512-0967,hcowdroyk@umich.edu
981,Arel Bolens,851-395-8339,abolensl@indiegogo.com
1024,Cecil Curnnok,396-644-1924,ccurnnokm@answers.com
1067,Jackie Daniaud,875-129-8022,jdaniaudn@archive.org
1110,Leandra Holtom,740-720-7445,lholtomo@amazon.co.jp
1153,Olga Fluin,231-258-1994,ofluinp@360.cn
1196,Tadeo Sellar,451-405-7198,tsellarq@oakley.com
1239,Rebecka MacDearmont,819-984-4210,rmacdearmontr@4shared.com
1282,Kliment MacDavitt,489-759-9500,kmacdavitts@pbs.org
1325,Orlan MacArthur,742-978-5170,omacarthurt@reddit.com
1368,Bibbye Orrom,806-807-5489,borromu@amazon.co.jp
1411,Ilse Froude,846-518-8667,ifroudev@vimeo.com
1454,Charmaine Menilove,407-591-5421,cmenilovew@dailymotion.com
1497,Teriann Kunzel,192-241-1976,tkunzelx@earthlink.net
1540,Vito Ecles,538-188-3571,veclesy@dot.gov
1583,Ilyssa Sterzaker,341-370-8161,isterzakerz@irs.gov
1626,Valentia Prevett,582-294-8159,vprevett10@slate.com
1669,Gianina Lincey,270-235-2805,glincey11@xing.com
1712,Bartram Mechell,495-738-2053,bmechell12@hao123.com
1755,Delcina Odgers,204-670-3902,dodgers13@statcounter.com
1798,Michel Jacobowicz,564-652-5346,mjacobowicz14@artisteer.com
1841,Gibbie Vakhonin,139-513-3597,gvakhonin15@barnesandnoble.com
1884,Analise Meus,650-927-1736,ameus16@hp.com
1927,Ilse Cackett,877-416-0164,icackett17@dailymotion.com
1970,Gian Prise,118-990-4593,gprise18@edublogs.org
2013,Alissa Griffitt,973-192-1360,agriffitt19@mac.com
2056,Norrie Sandwith,994-914-6132,nsandwith1a@jimdo.com
2099,Danette Hansbury,261-529-4281,dhansbury1b@harvard.edu
2142,Cele Mancer,145-503-6905,cmancer1c@google.ca
2185,Smitty Jarley,797-903-7161,sjarley1d@domainmarket.com
2228,Sascha Forrester,619-359-2873,sforrester1e@usgs.gov
2271,Jess Bortoloni,663-237-6125,jbortoloni1f@cdbaby.com
2314,Charlotta Rillstone,209-420-9321,crillstone1g@unblog.fr
2357,Titus Matzel,208-795-1741,tmatzel1h@nih.gov
2400,Trix Juden,752-329-6556,tjuden1i@europa.eu
2443,Egbert Rodolf,158-591-0017,erodolf1j@hao123.com
2486,Emmy Mattisssen,858-710-8368,emattisssen1k@miitbeian.gov.cn
2529,Derwin Phette,619-103-7549,dphette1l@smugmug.com
2572,Cam Hurne,615-163-1098,churne1m@senate.gov
2615,Anjela Petto,161-829-7682,apetto1n@uiuc.edu
2658,Franni Appleby,851-587-6620,fappleby1o@stumbleupon.com
2701,Brnaby Surgen,923-658-9926,bsurgen1p@amazonaws.com
2744,Dwight Noriega,696-506-5627,dnoriega1q@free.fr
2787,Torrence Clink,353-639-3737,tclink1r@wikipedia.org
2830,Andros Arnely,661-136-1762,aarnely1s@nbcnews.com
2873,Mavis Bozier,364-288-9499,mbozier1t@whitehouse.gov
2916,Lottie Aucott,254-890-4128,laucott1u@thetimes.co.uk
2959,Robin Fealy,269-725-2138,rfealy1v@fda.gov
3002,Lauritz Pitcaithley,797-318-9594,lpitcaithley1w@mapy.cz
3045,Peter Jirus,784-381-3553,pjirus1x@ftc.gov
3088,Emilie Cardenosa,459-208-1255,ecardenosa1y@multiply.com
3131,Evelin Geeves,380-745-3623,egeeves1z@cam.ac.uk
3174,Brewster Bousler,376-405-0766,bbousler20@goodreads.com
3217,Barbaraanne Boissieux,492-269-0471,bboissieux21@about.me
3260,Pooh Leathart,438-670-0343,pleathart22@taobao.com
3303,Marmaduke Nuth,669-595-2434,mnuth23@1688.com
3346,Sherry Nehl,412-903-9114,snehl24@ow.ly
3389,Alphonso Ruthven,786-712-3858,aruthven25@ebay.co.uk
3432,Jameson Simoens,119-302-4086,jsimoens26@myspace.com
3475,Lombard Cash,939-803-8952,lcash27@cam.ac.uk
3518,Marya Ianni,993-243-6563,mianni28@ustream.tv
3561,Ruddy Cockram,916-790-1455,rcockram29@google.com.br
3604,Maurise Reary,451-318-6962,mreary2a@dedecms.com
3647,Shauna Ping,237-132-8417,sping2b@google.fr
3690,Hazlett Toplin,273-802-0498,htoplin2c@fda.gov
3733,Rey Vasse,419-755-0100,rvasse2d@patch.com
3776,Lilllie Carefull,490-350-7200,lcarefull2e@blogtalkradio.com
3819,Beitris Canet,347-550-3475,bcanet2f@seesaa.net
3862,Mycah Lesmonde,762-305-2987,mlesmonde2g@typepad.com
3905,Dorella Dowell,593-412-6643,ddowell2h@fotki.com
3948,Tabb Speir,570-181-8473,tspeir2i@bluehost.com
3991,Nikolai Healings,421-902-4304,nhealings2j@thetimes.co.uk
4034,Pierson Harman,578-632-0248,pharman2k@alibaba.com
4077,Taite Vannozzii,789-977-0335,tvannozzii2l@newsvine.com
4120,Janos Dickings,346-835-5812,jdickings2m@istockphoto.com
4163,Seth Newlands,255-105-5325,snewlands2n@usnews.com
4206,Gigi Sherston,473-893-4121,gsherston2o@eventbrite.com
4249,Boycie Pauli,262-470-4940,bpauli2p@spotify.com
4292,Oswald Olenchikov,894-365-3794,oolenchikov2q@umn.edu
4335,Park Aspland,518-193-9843,paspland2r@reuters.com
4378,Jordanna Dennes,641-599-5237,jdennes2s@bloomberg.com
4421,Kerianne Petyankin,698-947-4805,kpetyankin2t@pbs.org
4464,Timothy Jermin,768-403-7380,tjermin2u@fda.gov
4507,Lewie Dimitrie,567-836-6587,ldimitrie2v@zimbio.com
4550,Larisa Guillerman,265-791-3645,lguillerman2w@geocities.com
4593,Gloriane Kelf,151-171-7636,gkelf2x@delicious.com
4636,Cordie Tiernan,492-585-9892,ctiernan2y@mlb.com
4679,Valentine Livoir,656-987-3816,vlivoir2z@freewebs.com
4722,Catherin Hartopp,828-135-9008,chartopp30@squarespace.com
4765,Teodoor D'Alwis,856-808-8389,tdalwis31@cpanel.net
4808,Celle Bygrave,183-119-1460,cbygrave32@newyorker.com
4851,Troy Naisey,244-714-6984,tnaisey33@virginia.edu
4894,Bobbe Ellingsworth,982-457-9646,bellingsworth34@walmart.com
4937,Stevena Fereday,142-682-6764,sfereday35@tiny.cc
4980,Dora Fernehough,183-862-4416,dfernehough36@dyndns.org
5023,Garret Welfair,344-798-8632,gwelfair37@ebay.com
5066,Hillery Coulbeck,587-264-7757,hcoulbeck38@usnews.com
5109,Veronika Dolling,847-381-8234,vdolling39@ucsd.edu
5152,Giulia Crowest,593-523-4783,gcrowest3a@github.io
5195,Fonzie Baggelley,568-616-4931,fbaggelley3b@cpanel.net
5238,Amil Sammon,774-759-9526,asammon3c@indiegogo.com
5281,Georgena Lind,723-583-7139,glind3d@adobe.com
5324,Teador Bubbings,941-563-2332,tbubbings3e@chicagotribune.com
5367,Kelvin Copo,859-912-4093,kcopo3f@aboutads.info
5410,Adrianna Guynemer,862-357-0862,aguynemer3g@ocn.ne.jp
5453,Adda Weond,155-170-0670,aweond3h@addthis.com
5496,Raven Ferronier,203-839-0279,rferronier3i@1688.com
5539,Van Yesipov,791-171-1480,vyesipov3j@geocities.com
5582,Janeczka Karolowski,672-250-7172,jkarolowski3k@elegantthemes.com
5625,Aimee Davidwitz,150-532-5633,adavidwitz3l@howstuffworks.com
5668,Kristan St Ange,730-601-8000,kst3m@wunderground.com
5711,Cati Riquet,977-662-8949,criquet3n@usda.gov
5754,Marabel Gooderick,523-894-5414,mgooderick3o@spiegel.de
5797,Zachary Arthurs,895-301-4618,zarthurs3p@uol.com.br
5840,Lonny Morewood,952-165-8681,lmorewood3q@boston.com
5883,Meredith Jewel,593-136-3321,mjewel3r@goodreads.com
5926,Joelle Thake,339-210-4349,jthake3s@devhub.com
5969,Vi O'Gorman,494-198-4965,vogorman3t@salon.com
6012,Sada Kalderon,145-469-5087,skalderon3u@baidu.com
6055,Dyane Lampl,595-183-4974,dlampl3v@springer.com
6098,Kristoffer Chamley,900-222-7731,kchamley3w@oakley.com
6141,Blinni Harroll,104-251-6186,bharroll3x@liveinternet.ru
6184,Britt Fagence,240-805-8578,bfagence3y@google.com.hk
6227,Rochella Cheake,805-416-5083,rcheake3z@japanpost.jp
6270,Penrod Bolstridge,804-480-1038,pbolstridge40@princeton.edu
6313,Nahum Binnell,853-145-9381,nbinnell41@auda.org.au
6356,Marshal O'Halleghane,250-385-0824,mohalleghane42@soup.io
6399,Maddy Dymidowicz,854-597-1575,mdymidowicz43@aboutads.info
6442,Paige Sandeford,862-649-3250,psandeford44@blogtalkradio.com
6485,Amble MacMenemy,734-473-2803,amacmenemy45@globo.com
